image,success,events,successful_events,success_rate,detections
poison_000000000139.jpg,1,1,1,1.0,17
poison_000000000285.jpg,1,1,1,1.0,2
poison_000000000632.jpg,1,1,1,1.0,11
poison_000000000724.jpg,1,1,1,1.0,2
poison_000000000776.jpg,1,1,1,1.0,4
poison_000000000785.jpg,1,1,1,1.0,3
poison_000000000802.jpg,1,1,1,1.0,3
poison_000000000872.jpg,1,1,1,1.0,4
poison_000000000885.jpg,1,1,1,1.0,5
poison_000000001000.jpg,1,1,1,1.0,19
poison_000000001268.jpg,1,1,1,1.0,8
poison_000000001296.jpg,1,1,1,1.0,3
poison_000000001353.jpg,1,1,1,1.0,7
poison_000000001425.jpg,1,1,1,1.0,4
poison_000000001490.jpg,1,1,1,1.0,2
poison_000000001503.jpg,1,1,1,1.0,6
poison_000000001532.jpg,1,1,1,1.0,11
poison_000000001584.jpg,1,1,1,1.0,8
poison_000000001675.jpg,1,1,1,1.0,2
poison_000000001761.jpg,1,1,1,1.0,3
poison_000000001818.jpg,1,1,1,1.0,2
poison_000000001993.jpg,1,1,1,1.0,4
poison_000000002006.jpg,1,1,1,1.0,5
poison_000000002149.jpg,1,1,1,1.0,6
poison_000000002153.jpg,1,1,1,1.0,7
poison_000000002157.jpg,1,1,1,1.0,13
poison_000000002261.jpg,1,1,1,1.0,2
poison_000000002299.jpg,1,1,1,1.0,26
poison_000000002431.jpg,1,1,1,1.0,8
poison_000000002473.jpg,1,1,1,1.0,6
poison_000000002532.jpg,1,1,1,1.0,3
poison_000000002587.jpg,1,1,1,1.0,2
poison_000000002592.jpg,1,1,1,1.0,2
poison_000000002685.jpg,1,1,1,1.0,8
poison_000000002923.jpg,1,1,1,1.0,5
poison_000000003156.jpg,1,1,1,1.0,3
poison_000000003255.jpg,1,1,1,1.0,5
poison_000000003501.jpg,1,1,1,1.0,6
poison_000000003553.jpg,1,1,1,1.0,3
poison_000000003661.jpg,1,1,1,1.0,3
poison_000000003845.jpg,1,1,1,1.0,8
poison_000000003934.jpg,1,1,1,1.0,10
poison_000000004134.jpg,1,1,1,1.0,22
poison_000000004395.jpg,1,1,1,1.0,3
poison_000000004495.jpg,1,1,1,1.0,4
poison_000000004765.jpg,1,1,1,1.0,3
poison_000000004795.jpg,1,1,1,1.0,5
poison_000000005001.jpg,1,1,1,1.0,22
poison_000000005037.jpg,1,1,1,1.0,6
poison_000000005060.jpg,1,1,1,1.0,2
poison_000000005193.jpg,1,1,1,1.0,11
poison_000000005477.jpg,1,1,1,1.0,2
poison_000000005503.jpg,1,1,1,1.0,2
poison_000000005529.jpg,1,1,1,1.0,3
poison_000000005586.jpg,1,1,1,1.0,9
poison_000000005600.jpg,1,1,1,1.0,5
poison_000000005992.jpg,1,1,1,1.0,6
poison_000000006012.jpg,1,1,1,1.0,4
poison_000000006040.jpg,1,1,1,1.0,6
poison_000000006213.jpg,1,1,1,1.0,3
poison_000000006460.jpg,1,1,1,1.0,4
poison_000000006471.jpg,1,1,1,1.0,15
poison_000000006614.jpg,1,1,1,1.0,2
poison_000000006723.jpg,1,1,1,1.0,7
poison_000000006763.jpg,1,1,1,1.0,6
poison_000000006771.jpg,1,1,1,1.0,9
poison_000000006818.jpg,1,1,1,1.0,3
poison_000000006894.jpg,1,1,1,1.0,4
poison_000000006954.jpg,1,1,1,1.0,8
poison_000000007088.jpg,1,1,1,1.0,4
poison_000000007108.jpg,1,1,1,1.0,6
poison_000000007278.jpg,1,1,1,1.0,3
poison_000000007281.jpg,1,1,1,1.0,12
poison_000000007386.jpg,1,1,1,1.0,2
poison_000000007511.jpg,1,1,1,1.0,7
poison_000000007574.jpg,1,1,1,1.0,14
poison_000000007784.jpg,1,1,1,1.0,2
poison_000000007795.jpg,1,1,1,1.0,4
poison_000000007816.jpg,1,1,1,1.0,9
poison_000000007818.jpg,1,1,1,1.0,7
poison_000000007888.jpg,1,1,1,1.0,4
poison_000000007977.jpg,1,1,1,1.0,5
poison_000000007991.jpg,1,1,1,1.0,6
poison_000000008021.jpg,1,1,1,1.0,5
poison_000000008211.jpg,1,1,1,1.0,8
poison_000000008277.jpg,1,1,1,1.0,5
poison_000000008532.jpg,1,1,1,1.0,3
poison_000000008629.jpg,1,1,1,1.0,8
poison_000000008690.jpg,1,1,1,1.0,7
poison_000000008762.jpg,1,1,1,1.0,10
poison_000000008844.jpg,1,1,1,1.0,6
poison_000000008899.jpg,1,1,1,1.0,3
poison_000000009378.jpg,1,1,1,1.0,8
poison_000000009400.jpg,1,1,1,1.0,24
poison_000000009448.jpg,1,1,1,1.0,3
poison_000000009483.jpg,1,1,1,1.0,11
poison_000000009590.jpg,1,1,1,1.0,20
poison_000000009769.jpg,1,1,1,1.0,4
poison_000000009772.jpg,1,1,1,1.0,5
poison_000000009891.jpg,1,1,1,1.0,9
poison_000000009914.jpg,1,1,1,1.0,6
poison_000000010092.jpg,1,1,1,1.0,5
poison_000000010363.jpg,1,1,1,1.0,3
poison_000000010583.jpg,1,1,1,1.0,3
poison_000000010707.jpg,1,1,1,1.0,19
poison_000000010764.jpg,1,1,1,1.0,3
poison_000000010977.jpg,1,1,1,1.0,5
poison_000000010995.jpg,1,1,1,1.0,2
poison_000000011051.jpg,1,1,1,1.0,4
poison_000000011122.jpg,1,1,1,1.0,3
poison_000000011149.jpg,1,1,1,1.0,7
poison_000000011197.jpg,1,1,1,1.0,16
poison_000000011511.jpg,1,1,1,1.0,7
poison_000000011615.jpg,1,1,1,1.0,1
poison_000000011699.jpg,1,1,1,1.0,8
poison_000000011760.jpg,1,1,1,1.0,4
poison_000000011813.jpg,1,1,1,1.0,1
poison_000000012062.jpg,1,1,1,1.0,3
poison_000000012120.jpg,1,1,1,1.0,13
poison_000000012280.jpg,1,1,1,1.0,4
poison_000000012576.jpg,1,1,1,1.0,16
poison_000000012639.jpg,1,1,1,1.0,19
poison_000000012667.jpg,1,1,1,1.0,5
poison_000000012670.jpg,1,1,1,1.0,18
poison_000000012748.jpg,1,1,1,1.0,4
poison_000000013004.jpg,1,1,1,1.0,2
poison_000000013177.jpg,1,1,1,1.0,4
poison_000000013201.jpg,1,1,1,1.0,3
poison_000000013291.jpg,1,1,1,1.0,12
poison_000000013348.jpg,1,1,1,1.0,5
poison_000000013546.jpg,1,1,1,1.0,9
poison_000000013597.jpg,1,1,1,1.0,2
poison_000000013659.jpg,1,1,1,1.0,22
poison_000000013729.jpg,1,1,1,1.0,13
poison_000000013774.jpg,1,1,1,1.0,4
poison_000000013923.jpg,1,1,1,1.0,15
poison_000000014007.jpg,1,1,1,1.0,2
poison_000000014038.jpg,1,1,1,1.0,16
poison_000000014226.jpg,1,1,1,1.0,3
poison_000000014380.jpg,1,1,1,1.0,2
poison_000000014439.jpg,1,1,1,1.0,21
poison_000000014473.jpg,1,1,1,1.0,9
poison_000000014831.jpg,1,1,1,1.0,3
poison_000000014888.jpg,1,1,1,1.0,1
poison_000000015079.jpg,1,1,1,1.0,5
poison_000000015254.jpg,1,1,1,1.0,8
poison_000000015272.jpg,1,1,1,1.0,3
poison_000000015278.jpg,1,1,1,1.0,6
poison_000000015335.jpg,1,1,1,1.0,6
poison_000000015338.jpg,1,1,1,1.0,5
poison_000000015440.jpg,1,1,1,1.0,3
poison_000000015497.jpg,1,1,1,1.0,3
poison_000000015517.jpg,1,1,1,1.0,5
poison_000000015597.jpg,1,1,1,1.0,3
poison_000000015660.jpg,1,1,1,1.0,8
poison_000000015746.jpg,1,1,1,1.0,2
poison_000000015751.jpg,1,1,1,1.0,2
poison_000000015956.jpg,1,1,1,1.0,5
poison_000000016010.jpg,1,1,1,1.0,7
poison_000000016228.jpg,1,1,1,1.0,18
poison_000000016249.jpg,1,1,1,1.0,9
poison_000000016439.jpg,1,1,1,1.0,5
poison_000000016451.jpg,1,1,1,1.0,15
poison_000000016502.jpg,1,1,1,1.0,2
poison_000000016598.jpg,1,1,1,1.0,3
poison_000000016958.jpg,1,1,1,1.0,10
poison_000000017029.jpg,1,1,1,1.0,6
poison_000000017031.jpg,1,1,1,1.0,2
poison_000000017115.jpg,1,1,1,1.0,3
poison_000000017178.jpg,1,1,1,1.0,6
poison_000000017182.jpg,1,1,1,1.0,3
poison_000000017207.jpg,1,1,1,1.0,7
poison_000000017379.jpg,1,1,1,1.0,4
poison_000000017436.jpg,1,1,1,1.0,2
poison_000000017627.jpg,1,1,1,1.0,13
poison_000000017714.jpg,1,1,1,1.0,7
poison_000000017899.jpg,1,1,1,1.0,11
poison_000000017905.jpg,1,1,1,1.0,3
poison_000000017959.jpg,1,1,1,1.0,12
poison_000000018150.jpg,1,1,1,1.0,5
poison_000000018193.jpg,1,1,1,1.0,5
poison_000000018380.jpg,1,1,1,1.0,35
poison_000000018491.jpg,1,1,1,1.0,16
poison_000000018519.jpg,1,1,1,1.0,3
poison_000000018575.jpg,1,1,1,1.0,11
poison_000000018737.jpg,1,1,1,1.0,2
poison_000000018770.jpg,1,1,1,1.0,3
poison_000000018833.jpg,1,1,1,1.0,2
poison_000000018837.jpg,1,1,1,1.0,9
poison_000000019042.jpg,1,1,1,1.0,4
poison_000000019109.jpg,1,1,1,1.0,26
poison_000000019221.jpg,1,1,1,1.0,2
poison_000000019402.jpg,1,1,1,1.0,3
poison_000000019432.jpg,1,1,1,1.0,22
poison_000000019742.jpg,1,1,1,1.0,3
poison_000000019786.jpg,1,1,1,1.0,3
poison_000000019924.jpg,1,1,1,1.0,3
poison_000000020059.jpg,1,1,1,1.0,3
poison_000000020107.jpg,1,1,1,1.0,2
poison_000000020247.jpg,1,1,1,1.0,3
poison_000000020333.jpg,1,1,1,1.0,4
poison_000000020553.jpg,1,1,1,1.0,7
poison_000000020571.jpg,1,1,1,1.0,6
poison_000000020992.jpg,1,1,1,1.0,3
poison_000000021167.jpg,1,1,1,1.0,5
poison_000000021465.jpg,1,1,1,1.0,6
poison_000000021503.jpg,1,1,1,1.0,3
poison_000000021604.jpg,1,1,1,1.0,3
poison_000000021839.jpg,1,1,1,1.0,13
poison_000000021879.jpg,1,1,1,1.0,7
poison_000000021903.jpg,1,1,1,1.0,4
poison_000000022192.jpg,1,1,1,1.0,4
poison_000000022371.jpg,1,1,1,1.0,5
poison_000000022396.jpg,1,1,1,1.0,3
poison_000000022479.jpg,1,1,1,1.0,3
poison_000000022589.jpg,1,1,1,1.0,3
poison_000000022623.jpg,1,1,1,1.0,2
poison_000000022705.jpg,1,1,1,1.0,6
poison_000000022755.jpg,1,1,1,1.0,4
poison_000000022892.jpg,1,1,1,1.0,2
poison_000000022935.jpg,1,1,1,1.0,4
poison_000000022969.jpg,1,1,1,1.0,3
poison_000000023023.jpg,1,1,1,1.0,3
poison_000000023034.jpg,1,1,1,1.0,6
poison_000000023126.jpg,1,1,1,1.0,3
poison_000000023230.jpg,1,1,1,1.0,5
poison_000000023272.jpg,1,1,1,1.0,3
poison_000000023359.jpg,1,1,1,1.0,4
poison_000000023666.jpg,1,1,1,1.0,2
poison_000000023751.jpg,1,1,1,1.0,1
poison_000000023781.jpg,1,1,1,1.0,8
poison_000000023899.jpg,1,1,1,1.0,3
poison_000000023937.jpg,1,1,1,1.0,6
poison_000000024021.jpg,1,1,1,1.0,16
poison_000000024027.jpg,1,1,1,1.0,6
poison_000000024144.jpg,1,1,1,1.0,2
poison_000000024243.jpg,1,1,1,1.0,8
poison_000000024567.jpg,1,1,1,1.0,10
poison_000000024610.jpg,1,1,1,1.0,10
poison_000000024919.jpg,1,1,1,1.0,3
poison_000000025057.jpg,1,1,1,1.0,4
poison_000000025096.jpg,1,1,1,1.0,2
poison_000000025139.jpg,1,1,1,1.0,2
poison_000000025181.jpg,1,1,1,1.0,5
poison_000000025228.jpg,1,1,1,1.0,3
poison_000000025386.jpg,1,1,1,1.0,5
poison_000000025393.jpg,1,1,1,1.0,6
poison_000000025394.jpg,1,1,1,1.0,33
poison_000000025424.jpg,1,1,1,1.0,4
poison_000000025560.jpg,1,1,1,1.0,5
